IP,Status,Identifier,"Blocked At",City/Country
2405:201:c000:2c18:b89d:ea22:10e2:58b9,Normal,,,
2405:201:c000:2c18:2a61:ec9a:5e4c:caa0,Normal,,,
2409:40f0:2017:124e:b0c9:15ff:feac:e90c,Normal,,,
2405:201:c000:2c18:5636:220f:8dcf:fb8,Normal,,,
2405:201:c000:2c18:486e:5d6d:f740:d29c,Normal,,,
2405:201:c000:2c18:7d4f:ecd8:a070:48f1,Normal,,,
2405:201:c000:2c18:4b7e:1e82:b7e7:1789,Normal,,,
2405:201:c000:2c18:71c3:10c7:6d40:a643,Normal,,,
2405:201:c000:2c18:5c1a:7ba3:2750:e98,Normal,,,
2405:201:c000:2c18:14df:8f:a53f:24e8,Normal,,,
2405:201:c000:2c18:e08d:5ad5:d25d:e757,Normal,,,
2401:4900:88e0:6dee:554:3f9b:30bb:2a42,Normal,,,
2405:201:c000:2c18:e61b:8ace:14db:a24b,Normal,,,
2405:201:c000:2c18:6d9a:fe36:2e76:3e3f,Normal,,,
2405:201:c000:2c18:267a:a63a:87ec:7388,Normal,,,
2405:201:c000:2c18:a9cc:31df:9c7:bb5a,Normal,,,
2405:201:c000:2c18:97c9:85f1:37ef:5674,Normal,,,
2405:201:c000:2c18:abc3:4e02:43d4:eba0,Normal,,,
2405:201:c000:2c18:7e76:42a5:4cb1:1a43,Normal,,,
2405:201:c000:2c18:6816:c5fd:b1b9:8332,Normal,,,
2405:201:c000:2c18:cd30:be62:72d1:70be,Normal,,,
2405:201:c000:2c18:639d:e781:52fe:669d,Normal,,,
2405:201:c000:2c18:ad3b:ece:b989:f298,Normal,,,
2405:201:c000:2c18:1b04:6b6f:5526:7e7a,Normal,,,
2405:201:c000:2c18:993b:6aa2:c641:65ee,Normal,,,
2405:201:c000:2c18:7a7b:15e5:9b2a:fe0c,Normal,,,
2405:201:c000:2c18:f0:1059:79cc:2df9,Normal,,,
2405:201:c000:2c18:4053:ae93:77b:5995,Normal,,,"Anantapur / IN"
2405:201:c000:2c18:b6c0:3da5:ad94:6f4a,Normal,,,
2405:201:c000:2c18:10a7:fcd3:95eb:2da5,Normal,,,
2405:201:c000:2c18:12cc:f94a:31c0:6c0c,Normal,,,
2405:201:c000:2c18:81ec:f393:d962:d8ff,Normal,,,
2405:201:c000:2c18:7297:536a:cfc1:5041,Normal,,,
2405:201:c000:2c18:9909:98cc:1f08:cce6,Normal,,,
2405:201:c000:2c18:9a4f:dbd:25c7:559b,Normal,,,
2405:201:c000:2c18:b307:1bc7:2d2a:f4bc,Normal,,,
2405:201:c000:2c18:3a69:8a8c:9ae0:3a52,Normal,,,
2405:201:c000:2c18:4d3a:ee2e:258e:8d2d,Normal,,,
2405:201:c000:2c18:e9e5:8b4d:33c9:957a,Normal,,,
2405:201:c000:2c18:32a9:729:a015:515a,Normal,,,
2405:201:c000:2c18:7b8:72ed:be58:4f26,Normal,,,
2405:201:c000:2c18:3ad6:bfab:8b55:7bd4,Normal,,,
2405:201:c000:2c18:724a:fd11:a3d5:e48b,Normal,,,
2405:201:c000:2c18:9b1f:5d45:5a0:d370,Normal,,,"Anantapur / IN"
2405:201:c000:2c18:5015:3315:e9aa:bde1,Normal,,,
2405:201:c000:2c18:efd2:cef3:b163:60d1,Normal,,,
2405:201:c000:2c18:6dad:2fe5:79aa:5c5b,Normal,,,
2405:201:c000:2c18:c5fd:3c43:1479:bfa7,Normal,,,
2405:201:c000:2c18:119e:f166:d38f:a942,Normal,,,
